<?xml version="1.0" encoding="utf-8" ?>
<dwsync>
<file name="oi.png" server="conhecerconsultoria.com//public_html/v2013/" local="130032026900000000" remote="130045896600000000" />
<file name="rm.png" server="conhecerconsultoria.com//public_html/v2013/" local="130032027000000000" remote="130045896600000000" />
<file name="logictel.png" server="conhecerconsultoria.com//public_html/v2013/" local="130032027120000000" remote="130045896600000000" />
<file name="tel.png" server="conhecerconsultoria.com//public_html/v2013/" local="130032027240000000" remote="130045896600000000" />
<file name="relacom.png" server="conhecerconsultoria.com//public_html/v2013/" local="130032027340000000" remote="130045896600000000" />
<file name="nokia.png" server="conhecerconsultoria.com//public_html/v2013/" local="130032027480000000" remote="130045896600000000" />
<file name="tecnenge.png" server="conhecerconsultoria.com//public_html/v2013/" local="130032027580000000" remote="130045896600000000" />
<file name="efer.png" server="conhecerconsultoria.com//public_html/v2013/" local="130032027680000000" remote="130045896600000000" />
<file name="aceco.png" server="conhecerconsultoria.com//public_html/v2013/" local="130032027780000000" remote="130045896600000000" />
</dwsync>