<?xml version="1.0" encoding="utf-8" ?>
<dwsync>
<file name=".gitignore" server="conhecerconsultoria.com//public_html/v2013/" local="129995467500000000" remote="130045896600000000" />
<file name="barra-lateral.png" server="conhecerconsultoria.com//public_html/v2013/" local="130017337720000000" remote="130045896600000000" />
<file name="bg-topo.png" server="conhecerconsultoria.com//public_html/v2013/" local="130017340500000000" remote="130045896600000000" />
<file name="bg-rodape.png" server="conhecerconsultoria.com//public_html/v2013/" local="130017367720000000" remote="130045896600000000" />
<file name="icone-twitter.png" server="conhecerconsultoria.com//public_html/v2013/" local="130031994900000000" remote="130045896600000000" />
<file name="bg-menu-li.png" server="conhecerconsultoria.com//public_html/v2013/" local="130017383660000000" remote="130045896600000000" />
<file name="twitter-navegacao-divisor.png" server="conhecerconsultoria.com//public_html/v2013/" local="130017385280000000" remote="130045896600000000" />
<file name="twitter-navegacao-setas.png" server="conhecerconsultoria.com//public_html/v2013/" local="130031996040000000" remote="130045896600000000" />
<file name="bg-navegacao.png" server="conhecerconsultoria.com//public_html/v2013/" local="130021753960000000" remote="130045896600000000" />
<file name="bg-pattern.jpg" server="conhecerconsultoria.com//public_html/v2013/" local="130031986980000000" remote="130045896600000000" />
<file name="cliente-moldura.png" server="conhecerconsultoria.com//public_html/v2013/" local="130032023300000000" remote="130045896600000000" />
<file name="bg-form.png" server="conhecerconsultoria.com//public_html/v2013/" local="130032042620000000" remote="130045896600000000" />
<file name="bg-input.png" server="conhecerconsultoria.com//public_html/v2013/" local="130032046220000000" remote="130045896600000000" />
<file name="bg-submit.png" server="conhecerconsultoria.com//public_html/v2013/" local="130032051560000000" remote="130045896600000000" />
<file name="destaque-10mil.jpg" server="conhecerconsultoria.com//public_html/v2013/" local="130045905640000000" remote="130045896600000000" />
<file name="destaque-seguranca.jpg" server="conhecerconsultoria.com//public_html/v2013/" local="130045905540000000" remote="130045896600000000" />
<file name="destaque-telecom.jpg" server="conhecerconsultoria.com//public_html/v2013/" local="130045905420000000" remote="130045896600000000" />
<file name="destaques-nav.png" server="conhecerconsultoria.com//public_html/v2013/" local="130045907820000000" remote="130045896600000000" />
</dwsync>