<?xml version="1.0" encoding="utf-8" ?>
<dwsync>
<file name="TOC.md" server="conhecerconsultoria.com//public_html/v2013/" local="129995467500000000" remote="130045896600000000" />
<file name="crossdomain.md" server="conhecerconsultoria.com//public_html/v2013/" local="129995467500000000" remote="130045896600000000" />
<file name="css.md" server="conhecerconsultoria.com//public_html/v2013/" local="129995467500000000" remote="130045896600000000" />
<file name="extend.md" server="conhecerconsultoria.com//public_html/v2013/" local="129995467500000000" remote="130045896600000000" />
<file name="faq.md" server="conhecerconsultoria.com//public_html/v2013/" local="129995467500000000" remote="130045896600000000" />
<file name="htaccess.md" server="conhecerconsultoria.com//public_html/v2013/" local="129995467500000000" remote="130045896600000000" />
<file name="html.md" server="conhecerconsultoria.com//public_html/v2013/" local="129995467500000000" remote="130045896600000000" />
<file name="js.md" server="conhecerconsultoria.com//public_html/v2013/" local="129995467500000000" remote="130045896600000000" />
<file name="misc.md" server="conhecerconsultoria.com//public_html/v2013/" local="129995467500000000" remote="130045896600000000" />
<file name="usage.md" server="conhecerconsultoria.com//public_html/v2013/" local="129995467500000000" remote="130045896600000000" />
</dwsync>